cliente_id,nombre,ciudad,pais
1,Santiago Sanz,Córdoba,Spain
2,Kasper Pollari,Kiikoinen,Finland
3,Conrado Esparza,Sabana Grande,Mexico
4,Phillip Ferguson,Lisburn,United Kingdom
5,Radomira Politilo,Almazna,Ukraine
6,James White,Upper Hutt,New Zealand
7,Sofie Christiansen,Fredeikssund,Denmark
8,Alolika Banerjee,Nadiad,India
9,Brita Sonnenberg,Bingen am Rhein,Germany
10,Bekir Hengst,Meßstetten,Germany
11,محمدعلی سهيلي راد,بیرجند,Iran
12,Maëline Noel,Mulhouse,France
13,Orpheo Lolkema,Een,Netherlands
14,Pedro Blanco,Tezoatlán de Segura y Luna,Mexico
15,Aaliyah Morris,Greymouth,New Zealand
16,Patricia Brown,Naas,Ireland
17,John White,Palmerston North,New Zealand
18,Afet Adıvar,Giresun,Turkey
19,Jayanth Hiremath,Dehri,India
20,Ira Keshri,Mysore,India
21,Emma Peltonen,Rauma,Finland
22,Snozir Posikira,Novomoskovsk,Ukraine
23,Gion Meyer,Buttwil,Switzerland
24,Maik Konrad,Wittlich,Germany
25,Annette Rolland,La Rippe,Switzerland
26,Christina Stone,Truro,United Kingdom
27,Melissa Bryant,Sheffield,United Kingdom
28,Nevena Stevanović,Aleksinac,Serbia
29,Vicenta Fernández,La Palma,Spain
30,Charella Reumer,Oldebroek,Netherlands
31,Ognjen Simonović,Lebane,Serbia
32,Chester Chapman,Mackay,Australia
33,Anthony Christensen,Steinvåg,Norway
34,Mia Anderson,Hastings,New Zealand
35,Jiri Voorbij,Ter Apelkanaal,Netherlands
36,Patricia Philipps,Gengenbach,Germany
37,Amador Torres,Yanga,Mexico
38,Lyna Dumont,Créteil,France
39,Ceyhan Erez,Kars,Turkey
40,Mehdi Lefebvre,Le Châtelard,Switzerland
41,Kelly Wallace,Stirling,United Kingdom
42,Aubrey Gagné,Grand Falls,Canada
43,Charan Hiremath,Ajmer,India
44,Sobislava Mamchur,Bobrinec,Ukraine
45,Iwona Frost,Oberndorf am Neckar,Germany
46,Lana Hubert,Poitiers,France
47,سارا رضاییان,شیراز,Iran
48,Theo David,Schöningen,Germany
49,Bojana Radovanović,Nova Crnja,Serbia
50,Leanne Mackay,Jasper,Canada
51,Elio Lemoine,Marseille,France
52,Alice Jennings,City of London,United Kingdom
53,Remco Oomen,Borger-Odoorn,Netherlands
54,Ethan Armstrong,Aberdeen,United Kingdom
55,Soumyashree Saniel,Patna,India
56,Cristina Gamboa,Janos,Mexico
57,Kenzo Moreau,Aubervilliers,France
58,Chandeni Ensing,Bedum,Netherlands
59,Shobha Prabhakaran,Chinsurah,India
60,Joshua Jones,Auckland,New Zealand
61,علی رضا قاسمی,اردبیل,Iran
62,Jordan Hanson,Tweed,Australia
63,Zackary Ennis,Winfield,Canada
64,Camilo Villareal,Colombia,Mexico
65,Iselin Henden,Vingnes,Norway
66,Stefanija Vujičić,Beočin,Serbia
67,Demid Kritenko,Vuglegirsk,Ukraine
68,Alexandra Richard,Mandach,Switzerland
69,Jamie Patterson,Grapevine,United States
70,Ruslana Kovač,Varvarin,Serbia
71,Sanni Kalas,Ii,Finland
72,Mis Ramos,Santo André,Brazil
73,Cheryll Denkers,De Glind,Netherlands
74,Emmy Philippe,Colombes,France
75,Raúl Gallego,Gandía,Spain
76,Runar Heggedal,Straumen,Norway
77,Daisy Lemaire,Konolfingen,Switzerland
78,Merijn Van der Pas,Godlinze,Netherlands
79,سارا پارسا,ارومیه,Iran
80,Hanne Thue,Fauske,Norway
81,Josef Jordalen,Steinkjer,Norway
82,Nisha Bal,Sambhal,India
83,Prathiksha Thampy,Pimpri-Chinchwad,India
84,Milena Paunović,Bačka Palanka,Serbia
85,Mason Jean-Baptiste,Killarney,Canada
86,Sue Simmmons,Corpus Christi,United States
87,Isla Peura,Merikarvia,Finland
88,Niklaus Louis,Bäriswil,Switzerland
89,Javier Jackson,Derby,United Kingdom
90,Inga Belskiy,Pidgayci,Ukraine
91,Marina Calvo,Pontevedra,Spain
92,Gonca Akgül,Çankırı,Turkey
93,Josefine Jensen,København S,Denmark
94,Francis Franklin,Mesa,United States
95,Kátia Novaes,Itajaí,Brazil
96,Fiona Franklin,Donabate,Ireland
97,Vilma Leinonen,Vihti,Finland
98,Lindsy Zandstra,Hem,Netherlands
99,Lloyd Anderson,Celina,United States
100,Matijn Gielens,West-Graftdijk,Netherlands
